{"Kalash Bhadoriya": [22.981901752370007], "random": [22.634676324128566, 27.68166089965398]}